Time Step,Label Index,Name (NA),Dist_2-rKRT-by-DSM (nm),Dist_1-rKRT-by-DSM (nm),Dist_0-rKRT-by-DSM (nm),Dist_0-rKRT-by-face (nm),Dist_1-rKRT-by-face (nm),Voxel count,Volume (nm³),Min Feret Diameter (nm),Mean Feret Diameter (nm),Max Feret Diameter (nm),Surface Area (Lindblad 2005) (nm²)
0,1,,665.7086260020151,1903.6974663322326,1207.165269079269,1207.165269079269,665.7086260020151,1.0,64.00000000000001,3.9999576983973384,5.895479234891464,6.9280474970431385,81.408
0,2,,768.3020157855935,797.7067184583575,349.8799969747779,349.8799969747779,768.3020157855935,1.0,64.00000000000001,3.9999576983973384,5.895479234891464,6.9280474970431385,81.408
0,3,,1200.4533118670224,1325.2803228169796,661.8519705625658,661.8519705625658,1200.4533118670224,1.0,64.00000000000001,3.9999576983973384,5.895479234891464,6.9280474970431385,81.408
0,4,,6633.739303651964,7484.155048587127,7905.614438641351,7505.871963076061,6633.739303651964,1.0,64.00000000000001,3.9999576983973384,5.895603636423564,6.928178543282282,81.408
0,5,,6683.237643301254,7517.182439187309,7948.7645052722655,7539.024863945087,6683.237643301254,1.0,64.00000000000001,3.9999576983973384,5.89556044468718,6.928112680486154,81.408
0,6,,1196.6219517489662,1332.444412582845,663.1078690588765,663.1078690588765,1196.6219517489662,1.0,64.00000000000001,3.9999576983973384,5.895479234891464,6.9280474970431385,81.408
0,7,,7650.683983229101,8136.976248351857,8770.21284395596,8159.334356605541,7650.683983229101,1.0,64.00000000000001,3.9999576983973384,5.895541435657491,6.92811302016271,81.408
0,8,,1332.2702443474554,4449.059360922547,4028.2302506966516,4028.2302506966516,1332.2702443474554,1.0,64.00000000000001,3.9999576983973384,5.895495419830596,6.928072195591685,81.408
0,9,,6818.067959102336,7153.441401896998,8164.385690179188,7171.23793947394,6818.067959102336,1.0,64.00000000000001,3.9999576983973384,5.895522426627839,6.928113359839267,81.408
0,10,,805.7692184593179,1636.3129589080927,739.4809244942735,739.4809244942735,805.7692184593179,1.0,64.00000000000001,3.9999576983973384,5.895641654482932,6.92817786392917,81.408
0,11,,7054.935394990025,7195.501893875189,8571.999387640972,7216.314770630561,7054.935394990025,1.0,64.00000000000001,3.9999576983973384,5.895479234891464,6.9280474970431385,81.408
0,12,,301.8343761596043,4717.01105198008,2469.918172209873,2469.918172209873,301.8343761596043,1.0,64.00000000000001,3.9999576983973384,5.895479234891464,6.9280474970431385,81.408
0,13,,757.3532911919756,789.8050284893543,354.9647829004243,354.9647829004243,757.3532911919756,1.0,64.00000000000001,3.9999576983973384,5.895479234891464,6.9280474970431385,81.408
0,14,,626.3672958084499,2266.253432026133,1535.7916254288284,1535.7916254288284,626.3672958084499,1.0,64.00000000000001,3.9999576983973384,5.895479234891464,6.9280474970431385,81.408
0,15,,6073.576969356509,6099.666734371567,6940.622370166238,6123.10668657301,6073.576969356509,1.0,64.00000000000001,3.9999576983973384,5.895479234891464,6.9280474970431385,81.408
0,16,,8561.363756598439,8488.317689625546,9447.890988667496,8511.734449712094,8488.317689625546,1.0,64.00000000000001,4.000000330961484,5.895881315392065,6.928631689682221,81.408
0,17,,486.42368710716255,1827.3345858688117,1868.1841993384296,1835.9955902269576,486.42368710716255,1.0,64.00000000000001,3.9999576983973384,5.895641654482932,6.92817786392917,81.408
0,18,,8224.686098401435,8561.781214666553,9286.767635785509,8584.56132846186,8224.686098401435,1.0,64.00000000000001,3.9999576983973384,5.895495431792586,6.928072195591685,81.408
0,19,,146.8604722276723,3079.9817523075035,2789.812697301386,2789.812697301386,146.8604722276723,1.0,64.00000000000001,3.9999576983973384,5.895479234891464,6.9280474970431385,81.408
0,20,,29.393875777827816,1304.975057792035,911.4384624808736,911.4384624808736,29.393875777827816,1.0,64.00000000000001,3.9999576983973384,5.895641654482932,6.92817786392917,81.408
0,21,,1257.4323591252323,4384.4197534781415,3976.547304773703,3976.547304773703,1257.4323591252323,1.0,64.00000000000001,3.9999576983973384,5.895495419830596,6.928072195591685,81.408
0,22,,6558.182576554827,6690.018835797673,8087.625246844254,6711.214609822491,6558.182576554827,1.0,64.00000000000001,3.9999576983973384,5.895479234891464,6.9280474970431385,81.408
0,23,,1951.0489437379874,2482.7018023643177,3605.154233810026,2504.0128548425855,1951.0489437379874,1.0,64.00000000000001,3.9999576983973384,5.895479234891464,6.9280474970431385,81.408
0,24,,3.999999886872274,682.0322369094356,944.5930118090473,686.7197157589544,3.999999886872274,2.0,128.00000000000003,3.9999576983973384,7.414014964620348,9.793621962626489,124.22400000000005
0,25,,1114.2998346258537,1176.0475899791345,469.8595432728325,469.8595432728325,1114.2998346258537,2.0,128.00000000000003,3.9999576983973384,10.271462837059026,11.9970483466039,162.81599999999997
0,26,,728.3954914782953,159.44905840115098,128.8099440444057,128.8099440444057,177.71887428352784,2.0,128.00000000000003,3.9999576983973384,7.415223606882244,9.793720231667523,124.22400000000002
0,27,,6550.009402417345,6679.465968773002,8074.604920693673,6700.719040964032,6550.009402417345,2.0,128.00000000000003,3.9999576983973384,7.415223670679588,9.79380664801191,124.22400000000002
0,28,,1591.502382325416,2151.2823877856135,1341.6049569059396,1341.6049569059396,1591.502382325416,2.0,128.00000000000003,3.9999576983973384,7.414182494091458,9.793851182527373,124.22400000000005
0,29,,261.0440503758582,1082.175572264532,3426.7723094671965,1082.175572264532,261.0440503758582,2.0,128.00000000000003,3.9999576983973384,7.415137287206882,9.793621962626489,124.22400000000002
0,30,,1953.626451722812,2454.9540285079274,3603.123104767292,2475.3537672950188,1953.626451722812,2.0,128.00000000000003,3.9999576983973384,7.787978931808957,11.99912250726003,162.81599999999997
0,31,,8232.42498881882,8559.598427382298,9289.324225392193,8582.413101976272,8232.42498881882,2.0,128.00000000000003,3.9999576983973384,7.414031161521443,9.793640388071681,124.22400000000005
0,32,,255.65600481058937,3656.6498238244094,1668.1150327713112,1668.1150327713112,255.65600481058937,3.0,192.00000000000006,3.9999576983973384,9.195997653836816,14.965314878112538,205.63199999999998
0,33,,1031.7363603462582,1264.1581861316808,548.2481242324866,548.2481242324866,1031.7363603462582,3.0,192.00000000000006,3.9999576983973384,8.934795339522255,13.263437082316393,167.04000000000002
0,34,,1142.5445336499251,1520.2684835458058,718.5207095972146,718.5207095972146,1142.5445336499251,3.0,192.00000000000006,3.9999576983973384,8.932550694349194,13.263437082316395,167.04000000000002
0,35,,7548.922894784482,7563.624421891291,8736.547897569835,7586.191713926382,7548.922894784482,3.0,192.00000000000006,4.000014541816199,8.9326344909834,13.263489034731197,167.04000000000002
0,36,,255.15487322991248,1075.2413572845398,3431.8904909014236,1075.2413572845398,255.15487322991248,3.0,192.00000000000006,3.9999576983973384,8.934795339522255,13.263437082316393,167.04000000000002
0,37,,884.3800287650083,2349.9310373154003,2467.374315529014,2349.9310373154003,884.3800287650083,3.0,192.00000000000006,3.9999576983973384,8.932550694349194,13.263437082316395,167.04000000000002
0,38,,874.6565072215162,1264.0063005164848,491.6095690532529,491.6095690532529,874.6565072215162,4.0,256.00000000000006,3.9999576983973384,11.359745112524203,20.375377691745015,287.0399999999999
0,39,,6551.630121975904,6766.881597286556,8190.371772798244,6786.519861634588,6551.630121975904,4.0,256.00000000000006,3.9999576983973384,10.451431702779669,16.900160756683135,209.85600000000002
0,40,,6931.552434252808,6836.463398940396,7858.142453187611,6860.228495497722,6836.463398940396,4.0,256.00000000000006,3.9999576983973384,10.45151291257538,16.900193965527812,209.85600000000002
0,41,,37.73592638367518,3115.486606475315,2890.5390081490623,2890.5390081490623,37.73592638367518,4.0,256.00000000000006,7.999915396794677,12.333438646360895,14.96484115126827,287.0399999999999
0,42,,249.51151544883032,1068.3370419428684,3437.028908592765,1068.3370419428684,249.51151544883032,4.0,256.00000000000006,3.9999576983973384,10.454453391837554,16.899303754239877,209.85600000000008
0,43,,6444.54621578916,6695.056072203442,8091.220479400363,6714.122264384059,6444.54621578916,4.0,256.00000000000006,3.9999576983973384,10.45108642407805,16.899303754239877,209.85600000000002
0,44,,6373.351880029077,6508.345450129127,7122.923307179008,6548.444616782945,6373.351880029077,5.0,320.00000000000006,3.9999576983973384,9.879448087573929,14.965438741102268,234.78400000000002
0,45,,7654.281944269314,8129.900379572064,8767.698091105558,8152.3148764972575,7654.281944269314,5.0,320.00000000000006,4.000014541816199,12.79836977463304,25.831150333462247,368.44799999999987
0,46,,6059.6448747674,6087.013389333151,6925.8103394531645,6110.506546974648,6059.6448747674,5.0,320.00000000000006,5.686043249884956,12.139385422817586,16.490902070622433,291.26400000000007
0,47,,6290.540113695897,6534.981821459951,7171.358447521925,6557.908363902243,6290.540113695897,6.0,384.0000000000001,4.00007138523506,10.862377411942948,17.4353909157204,272.864
0,48,,8677.036930748727,8684.547537995968,9785.407200979535,8707.390406925697,8677.036930748727,6.0,384.0000000000001,4.000014541816199,10.874862254260442,17.435463628822053,272.8639999999999
0,49,,8472.326044284273,8495.813744957559,9629.99456532998,8518.576578353532,8472.326044284273,6.0,384.0000000000001,7.129677177385937,13.499437295950148,23.567460472555766,411.26399999999984
0,50,,577.0822895101446,1776.508952389122,1143.4754014771897,1143.4754014771897,577.0822895101446,7.0,448.0000000000001,3.9999576983973384,15.007546590259361,28.2730063471053,338.3040000000001
0,51,,8657.250873511657,8668.631380714942,9776.118531590328,8691.316907061264,8657.250873511657,8.0,512.0000000000001,7.999972240213538,13.725107967310475,23.567453564359162,413.56799999999987
0,52,,7534.8430073063355,7551.133421657141,8724.779945623595,7573.716629849514,7534.8430073063355,9.0,576.0000000000001,3.9999576983973384,15.31280743923235,28.271233627730915,401.31200000000007
0,53,,7500.935225834837,7697.177352383733,9115.322427533101,7717.261723882984,7500.935225834837,10.0,640.0000000000001,4.0000145418162,17.640357467382895,37.728508084628075,559.904
0,54,,1128.007056649949,1564.6340898456401,769.5817316744069,769.5817316744069,1128.007056649949,11.0,704.0000000000001,4.000185072072782,14.60877197441857,23.567867030954737,459.58399999999983
0,55,,7751.880730211269,7789.130904711783,8982.798135548364,7811.725481587928,7751.880730211269,11.0,704.0000000000001,4.000014541816199,13.314394606209,21.76947110197715,442.7519999999999
0,56,,4726.135102828266,4823.479230253724,5526.4440561586525,4865.101800533012,4726.135102828266,11.0,704.0000000000001,4.000185072072782,12.99194459372926,20.375957835888563,439.072
0,57,,463.8103234810842,806.3150858106383,1757.1385342307622,837.3768309866136,463.8103234810842,17.0,1088.0000000000002,7.17183998808755,21.42832289784703,37.56856125638474,756.1279999999998
0,58,,724.2541073537723,152.8921131921379,105.29956995242173,105.29956995242173,173.71240801367094,19.0,1216.0000000000002,8.750314020322309,17.24077736030671,29.375508900629207,887.0080000000003
0,59,,400.9787915038032,1712.9763136836118,2912.4560114723863,1712.9763136836118,400.9787915038032,21.0,1344.0000000000002,7.999915396794677,20.915385310815378,35.77833623654287,873.7279999999998
0,60,,118.186292752398,1114.1848972329171,1637.896161810204,1118.463160310057,118.186292752398,26.0,1664.0000000000005,15.999830793589354,28.759084797522053,47.15256139378775,1460.5439999999985
0,61,,661.4045560127124,1970.230414372054,2145.492089766776,1980.6907403108198,661.4045560127124,31.0,1984.0000000000002,3.9999576983973393,19.13083425586782,34.40466249230182,1087.5839999999994
0,62,,260.7681039989984,1125.4225000811857,3373.700792508316,1125.4225000811857,260.7681039989984,34.0,2176.0000000000005,11.999873095192015,29.416836178606502,34.60575662196214,1320.6239999999993
0,63,,589.3589900551888,4937.222001899499,3024.3227229220793,3024.3227229220793,589.3589900551888,34.0,2176.0000000000005,8.00014277047012,20.275149976981602,37.94438915054995,1258.6879999999999
0,64,,446.44372110269614,1789.453449418943,1803.8668940789648,1797.2912473851466,446.44372110269614,37.0,2368.0000000000005,16.971026387847633,29.82601073710815,43.06961819358166,1779.631999999999
0,65,,5053.622771811206,6476.0852183098905,6538.101388287032,6493.115051853238,5053.622771811206,38.0,2432.0000000000005,8.000029083632398,24.45628616383163,38.66349898174457,1379.8560000000007
0,66,,673.6408408869465,737.6069106612704,399.05887661007,399.05887661007,673.6408408869465,45.0,2880.000000000001,22.627177703968748,42.874778066568695,48.96363931891517,3010.9439999999972
0,67,,724.6737254718028,3765.3940125892404,2116.5026282687904,2116.5026282687904,724.6737254718028,46.0,2944.0000000000005,10.174658228223866,28.140550694910942,45.60653462882542,2011.8719999999985
0,68,,925.6694966097712,932.6521421826328,347.3787444363552,347.3787444363552,925.6694966097712,49.0,3136.000000000001,11.999873095192015,29.01217484091375,45.60684216741593,1871.9679999999998
0,69,,7574.18138164212,7781.574822729453,9138.087079918478,7801.626452419441,7574.18138164212,59.0,3776.000000000001,8.0000290836324,28.396153125717806,44.72114861549191,2128.608000000001
0,70,,304.05263373722846,4501.736839301884,2603.9508611575,2603.9508611575,304.05263373722846,98.0,6272.000000000002,12.205583510381025,36.88627457051456,68.34894299951097,3806.560000000003
0,71,,994.6818408934632,1497.8811577748274,695.8850349292334,695.8850349292334,994.6818408934632,99.0,6336.000000000001,12.000100468867458,36.54253282848378,58.83931297380647,3274.5600000000018
0,72,,480.6329343409743,817.2343655132863,1769.5920178084634,847.6697530568345,480.6329343409743,102.0,6528.000000000002,9.938200185530683,34.221200398628,56.74923078786352,3327.056000000001
0,73,,8422.577593591996,8410.559530602768,9491.945093031973,8433.671609964222,8410.559530602768,103.0,6592.000000000001,11.999986782029737,33.49185850856571,55.73958892699626,3214.064
0,74,,5282.962774799671,5371.356564864982,6071.827556297649,5412.888640421443,5282.962774799671,124.0,7936.000000000001,12.000100468867458,32.16393628414092,57.685728651161384,3198.7039999999997
0,75,,2112.0908968441654,3007.4202186369803,3767.503130802652,3032.601625818643,2112.0908968441654,131.0,8384.000000000002,13.965311692616448,29.930317647915025,50.118456762571334,3143.9039999999995
0,76,,626.7886192290462,727.6922247001494,431.202977324574,431.202977324574,626.7886192290462,140.0,8960.000000000002,30.74183401120813,62.10579813214461,93.35404999193975,5358.0960000000105
0,77,,3.999999886872274,627.0438461797312,941.0972552359453,642.1713010240637,3.999999886872274,156.0,9984.000000000002,22.498438753174543,41.53485196509218,80.99260188206183,3970.7680000000023
0,78,,1154.4696008058963,121.91800635719119,1526.8319657479879,121.91800635719119,128.12493821456883,171.0,10944.000000000004,20.000015865662135,40.66478206122441,59.40355043864624,4416.816000000003
0,79,,992.9269708663924,1711.6308299591765,824.9799634540977,824.9799634540977,992.9269708663924,227.0,14528.000000000004,16.849664830479735,42.29240223503264,62.475923025555005,5595.520000000008
0,80,,6449.601642088965,6704.064162477152,8097.173122223467,6723.078968207119,6449.601642088965,270.0,17280.000000000004,15.999944480427075,56.17058623921708,104.99328388925454,7711.072000000026
0,81,,7990.036465344019,8165.015970007516,9536.39391809702,8185.383194359019,7990.036465344019,275.0,17600.000000000004,21.60746502049356,53.59785619000507,80.0351115516357,6164.464000000005
0,82,,8078.302926151082,8396.450539294165,9123.628842644393,8419.320693064947,8078.302926151082,278.0,17792.000000000004,13.071674809476121,45.29249986120159,85.8828636850044,6608.480000000011
0,83,,7482.046839868417,7501.669188059168,8679.561688040849,7524.362445110455,7482.046839868417,281.0,17984.000000000004,14.12104296582827,51.68641897080844,97.32184656702853,6946.24000000001
0,84,,1024.3827546219109,408.8227001375344,612.5879394858202,427.55118556669913,408.8227001375344,295.0,18880.000000000007,20.30973854821706,45.87136418980389,64.06454186941015,5528.576000000008
0,85,,1262.1885616681539,4393.314611661481,3985.208422818687,3985.208422818687,1262.1885616681539,318.0,20352.000000000004,20.791250512905574,65.87782974554909,114.82292259974417,7986.208000000007
0,86,,7509.902843594318,7487.681614293251,8378.665370400995,7511.27345210989,7487.681614293251,329.0,21056.000000000004,17.29711420097567,61.710834293513415,115.42702478575596,8720.191999999997
0,87,,493.83396572011407,3820.869096671231,3538.383907653042,3538.383907653042,493.83396572011407,352.0,22528.000000000004,12.00010046886746,67.55261430208091,149.7716764726604,9771.360000000015
0,88,,6297.313575487351,6561.124337167712,7192.131306510419,6584.059519809671,6297.313575487351,367.0,23488.000000000004,19.489351966242886,47.66180226624556,90.86733129923016,7229.120000000002
0,89,,922.613651255233,2252.042577310931,2226.4375729719177,2226.4375729719177,922.613651255233,368.0,23552.000000000004,21.470172466836097,58.44729509748367,83.55964261886618,8963.455999999984
0,90,,357.0098101590702,1542.4966477439739,765.8929348508536,765.8929348508536,357.0098101590702,383.0,24512.000000000004,17.175269145440577,74.05854817457549,103.06792574889278,9616.09599999995
0,91,,404.37606685372884,670.5937494189129,500.8952257412602,500.8952257412602,404.37606685372884,431.0,27584.000000000004,16.323692544913815,50.7350932454137,112.70699515022203,9302.944000000025
0,92,,7678.987458348274,7687.838660785928,8843.529940349981,7710.606951150112,7678.987458348274,470.0,30080.00000000001,15.290648251112703,59.54810989854289,123.46994499697408,10674.352000000004
0,93,,163.99999935856613,1529.5332786990912,1301.4577007197659,1301.4577007197659,163.99999935856613,478.0,30592.000000000007,24.348922235714053,60.78614620044983,99.35801527388618,10006.09599999998
0,94,,642.2211527024047,954.0733572066529,506.3595835963497,506.3595835963497,642.2211527024047,482.0,30848.000000000007,20.000015865662135,48.217762488569164,80.87355719741146,7431.184000000034
0,95,,1075.9554243122693,173.3435937012473,1981.8253349512815,173.3435937012473,179.3766983837486,501.0,32064.00000000001,18.185737275689725,49.02563203139562,83.2252134585172,9951.967999999966
0,96,,594.2794132351992,1530.0771565307514,683.4851546955178,683.4851546955178,594.2794132351992,541.0,34624.00000000001,22.27851707744333,60.0665865820051,102.83159990882014,8741.535999999984
0,97,,716.8151796577149,233.82044389563816,452.44226498653006,273.26177587383427,233.82044389563816,606.0,38784.00000000001,21.02141343946514,53.566201723832506,102.83149937651366,11604.943999999941
0,98,,6873.3525040443055,7717.278094787616,8157.392585417256,7739.297871012241,6873.3525040443055,608.0,38912.00000000001,17.87605498465244,64.9632655259054,134.92905769997975,13708.463999999969
0,99,,8018.193511816207,8494.038411299698,9153.35476747714,8516.535672242753,8018.193511816207,613.0,39232.00000000001,22.335654703044067,49.21866014169252,88.54110799074964,9476.880000000001
0,100,,420.7802248856751,3722.7193843136774,3429.964408496744,3429.964408496744,420.7802248856751,666.0,42624.00000000001,25.060244270568372,45.55128952226156,77.66246997029577,8578.576000000005
0,101,,8232.17305878643,8536.462701158598,9277.487151848618,8559.451998735312,8232.17305878643,667.0,42688.00000000001,26.76329649687341,77.66628989707908,131.91633247924833,15998.51199999994
0,102,,1603.7655541367712,2143.0780634545954,1321.0237739258446,1321.0237739258446,1603.7655541367712,696.0,44544.00000000001,22.959710946214837,53.31649287225749,87.35243209722466,10827.120000000019
0,103,,7147.119049477624,7064.603323669871,8118.236110021826,7088.244728947757,7064.603323669871,699.0,44736.00000000001,19.034187454698397,68.32170881601708,140.4559176189559,14304.911999999942
0,104,,8604.398317402229,8575.405445299111,9619.873708288651,8598.493877798319,8575.405445299111,737.0,47168.00000000001,19.999959022243274,63.021296325441895,101.71223257820472,13251.695999999978
0,105,,1186.436634270649,3724.105226865504,1560.8048897775006,1560.8048897775006,1186.436634270649,804.0,51456.000000000015,20.964907045635176,69.55579674713348,122.09151360860092,15249.15199999993
0,106,,6718.428267049603,6879.574357299134,8303.649337904062,6900.120752106886,6718.428267049603,827.0,52928.00000000001,28.646228405670165,58.516733984518304,93.23651115369998,11087.567999999947
0,107,,102.2936899630622,2226.5094230533578,2190.061195506132,2190.061195506132,102.2936899630622,841.0,53824.000000000015,29.744542914760522,86.08417350996702,137.58437835670892,13779.823999999884
0,108,,840.6759093304572,2090.7950784021523,2379.438683419721,2105.4024728073273,840.6759093304572,848.0,54272.000000000015,28.000158636132255,65.11252069394057,90.91370063367398,11036.831999999968
0,109,,208.53777016327513,2525.8123059757054,2211.7828848422505,2211.7828848422505,208.53777016327513,889.0,56896.000000000015,27.36457418305402,53.06787920659726,80.31680703272488,9840.368000000013
0,110,,1769.9987893138314,2969.1318559343927,3265.7912925060373,2986.570052598836,1769.9987893138314,908.0,58112.000000000015,24.258716036188456,65.44505044432732,107.67500111361977,13582.399999999954
0,111,,405.26535372009675,1287.5838137915707,3161.9006222172175,1287.5838137915707,405.26535372009675,913.0,58432.000000000015,26.113932987804763,65.32376783155817,152.29706705069736,13905.47199999985
0,112,,677.4068310733128,547.3426654134528,349.651259057282,349.651259057282,590.227102748031,953.0,60992.000000000015,25.93393877312273,51.39033461535883,92.32586854735075,11778.383999999993
0,113,,471.9491641935747,3826.344254775904,2050.853481705417,2050.853481705417,471.9491641935747,954.0,61056.000000000015,20.04435995296854,69.81180767026574,122.12866755990395,15887.055999999933
0,114,,293.1484175405785,4778.721176990075,2251.4457214128925,2251.4457214128925,293.1484175405785,974.0,62336.000000000015,22.076145499936132,80.01213989525799,117.21991375854569,16541.407999999814
0,115,,7.999999773744548,1341.4619388640858,793.896731465793,793.896731465793,7.999999773744548,974.0,62336.000000000015,26.461079109587747,96.84900716659403,173.27871877755717,16716.94399999991
0,116,,7392.482530121924,7329.982054216089,8398.3668446308,7353.316505032126,7329.982054216089,994.0,63616.00000000002,21.896227897405822,68.15191383799521,137.92277541208261,17358.55999999997
0,117,,493.1693524667935,2318.1992219178937,1896.5483832289465,1896.5483832289465,493.1693524667935,999.0,63936.00000000002,25.06621565525625,65.89871525993978,117.62326833214146,15333.135999999855
0,118,,456.45592194887286,5019.343461754033,1988.5833353328053,1988.5833353328053,456.45592194887286,1027.0,65728.00000000001,22.656198496323043,88.3474539044508,136.4012849998282,18252.47999999987
0,119,,118.99579988039477,2629.996288305847,2480.6481633277144,2480.6481633277144,118.99579988039477,1034.0,66176.00000000001,28.5726677848818,85.40580362810822,141.3272316358922,17981.663999999884
0,120,,3.999999886872274,2370.2962153038243,2230.673544545425,2230.673544545425,3.999999886872274,1073.0,68672.00000000001,31.159769271253715,59.906615681060075,81.76504620002292,11916.99199999992
0,121,,1526.1664429999655,2143.899109796621,1346.931298940035,1346.931298940035,1526.1664429999655,1107.0,70848.00000000001,27.999931262456812,59.60201130656997,103.98180313841327,12245.263999999994
0,122,,6602.88060316816,6731.272605975391,8120.698112179525,6752.53522786079,6602.88060316816,1116.0,71424.00000000003,23.066424973637176,70.81455475130385,131.9163065359551,19332.383999999958
0,123,,896.8032148004568,1358.5403166871401,568.0281560671574,568.0281560671574,896.8032148004568,1255.0,80320.00000000001,38.88148169477418,73.78338320488308,112.27832910622598,16306.559999999918
0,124,,231.03245894162683,1581.9026657482027,1524.1522532960516,1524.1522532960516,231.03245894162683,1278.0,81792.00000000001,27.501972518483083,69.299345385387,109.14492697821456,16176.239999999843
0,125,,688.2906404825917,260.33822564386355,1905.1971094086184,280.88433623452147,260.33822564386355,1321.0,84544.00000000001,23.34845875175322,89.49368762822333,211.34846923780952,26561.232000000116
0,126,,6382.962510542711,6517.4722294614185,7926.115358714014,6538.732577610062,6382.962510542711,1337.0,85568.00000000001,21.46718664157983,84.72132645912271,166.98126219449603,25428.752000000124
0,127,,7863.342034397647,8594.848623033613,9141.410373558756,8617.271305411123,7863.342034397647,1365.0,87360.00000000003,22.13880774999173,79.23416967230732,144.9928527692489,21683.34400000003
0,128,,3760.091431104229,5172.671080799773,4402.157628646819,4402.157628646819,3760.091431104229,1433.0,91712.00000000003,31.319926996895198,64.40256741516157,106.28252934250244,15449.919999999898
0,129,,7419.260327878874,7553.941486548865,8900.29696165584,7574.392839160282,7419.260327878874,1567.0,100288.00000000003,29.92715919004009,69.26753449731702,113.87268702808336,17766.063999999886
0,130,,997.3243777494645,2309.41736845125,2364.5143301109783,2321.533884241944,997.3243777494645,1568.0,100352.00000000003,35.844204841423924,79.95819312055839,118.6991680893774,19624.895999999862
0,131,,262.4804835704708,3172.463948430959,2796.643684632727,2796.643684632727,262.4804835704708,1669.0,106816.00000000001,23.999973564059474,80.8550304758272,144.59053130039712,23887.98399999982
0,132,,1747.4964124630787,2775.4724669648567,3372.609626239864,2800.3457828162936,1747.4964124630787,1696.0,108544.00000000003,34.50237568046321,65.44950437227676,99.99823794009905,15834.831999999973
0,133,,292.5747821791447,1376.7614746029722,713.9635727071436,713.9635727071436,292.5747821791447,1698.0,108672.00000000003,27.869390658555087,103.7242398867226,181.94460317447007,27963.824000000226
0,134,,5.656854540347922,4104.970685148146,1972.969357666443,1972.969357666443,5.656854540347922,1704.0,109056.00000000001,33.822502898314816,102.10607811081704,150.6592188068784,23306.06400000023
0,135,,6616.446171392454,7491.409633075818,7912.050023151096,7513.13064029091,6616.446171392454,1715.0,109760.00000000003,26.69219611152207,87.84571149777405,146.70581296177502,27675.760000000242
0,136,,8448.987500742078,8377.040103368927,9368.371138407383,8400.48051031772,8377.040103368927,1845.0,118080.00000000003,25.574637971055033,103.20921226026785,188.6743681171158,25589.072000000066
0,137,,6253.995707083959,6505.69973004167,7900.085620349273,6524.833679577569,6253.995707083959,1902.0,121728.00000000003,33.400821498948964,79.3421595301125,165.3358994731451,23550.30400000003
0,138,,1357.9336837210576,3568.1389363162452,1576.7358263474307,1576.7358263474307,1357.9336837210576,1969.0,126016.00000000003,29.111475082347887,83.20339842646078,140.1333731002844,22881.615999999944
0,139,,282.75783847675484,1407.1417808736442,1153.6308193171863,1153.6308193171863,282.75783847675484,1992.0,127488.00000000004,31.32124192110821,70.56029092803138,118.18570449337724,21441.711999999883
0,140,,2258.1161829293706,1955.1614514057292,1305.826913267083,1305.826913267083,1981.4297047560103,2069.0,132416.00000000003,33.58707170743391,71.08159190309566,114.53512833563755,19148.67199999987
0,141,,521.1832672102901,1146.1239637355902,1685.8326716828742,1177.4752692872426,521.1832672102901,2257.0,144448.00000000003,30.609790383241737,88.36611606367987,162.72749868584654,24226.863999999852
0,142,,7422.837370540947,7596.468549309066,8993.901246867608,7616.371021867963,7422.837370540947,2273.0,145472.00000000003,59.42418012379386,129.16098749318382,213.2016290180364,32523.71200000028
0,143,,8565.803909732495,8555.169188184664,9633.251465857029,8578.183951613028,8555.169188184664,2428.0,155392.00000000003,32.081067169742134,92.7070864191251,166.486002565218,27588.816000000123
0,144,,432.35169755462266,1729.9340697718435,1129.7432820356335,1129.7432820356335,432.35169755462266,2637.0,168768.00000000003,29.247090234837184,90.36380436707421,158.23962962913564,30563.792000000052
0,145,,597.782559452753,682.0322369094356,233.58082046343043,233.58082046343043,597.782559452753,2647.0,169408.00000000003,84.00002116104588,154.9763247118726,229.4642789769758,36910.59200000015
0,146,,1059.9471806926886,1161.5782113949535,955.1376933814026,955.1376933814026,1059.9471806926886,2755.0,176320.00000000003,31.04568758777096,109.70715119202714,202.14802603859607,42422.54399999968
0,147,,691.8265285094094,3515.219304972561,3046.7820124613354,3046.7820124613354,691.8265285094094,2773.0,177472.00000000006,33.292183940201404,80.1956782966475,128.9948066690937,25198.463999999694
0,148,,1555.835524413851,2618.3629415754694,3175.128313159803,2641.6389573569177,1555.835524413851,2878.0,184192.00000000006,31.562730368079222,88.19365094443128,148.80674002649585,29274.367999999842
0,149,,5992.86386204767,6680.037131445715,7123.991963453591,6701.5566855843645,5992.86386204767,2940.0,188160.00000000003,37.394512547686105,80.10531514189375,128.99539740323098,24900.51199999987
0,150,,7300.589459191542,7390.686278085923,8684.668500791304,7412.39955459605,7300.589459191542,3052.0,195328.00000000003,28.56354481365229,92.17869063968115,181.38430003394234,37524.09600000027
0,151,,992.338641481183,854.4471938876086,651.3247967632196,651.3247967632196,887.8378139343113,3250.0,208000.00000000006,46.32862947050663,138.45577531007953,300.0000106112566,50646.592000000084
0,152,,3050.1960281981155,3628.269041655585,4722.8772928065155,3647.484618340968,3050.1960281981155,3277.0,209728.00000000006,42.21300732803886,108.30640243328052,185.03468506674318,33623.18399999999
0,153,,180.44389094029611,4694.713879871415,2092.156819344382,2092.156819344382,180.44389094029611,3292.0,210688.00000000003,34.010108182103195,105.40662077873417,176.0439941439211,37633.7920000005
0,154,,8.944271989719255,1278.2300018443493,866.0069283905614,866.0069283905614,8.944271989719255,3364.0,215296.00000000006,38.12101780826778,133.99510945233328,287.9996827687137,45104.928000000255
0,155,,710.9993021003902,558.0537845162326,47.49736959297479,47.49736959297479,581.3639063489973,3379.0,216256.00000000003,37.4721420010839,139.722879986153,257.70575933866843,43931.1360000002
0,156,,268.7452251848299,1106.9959100495907,3302.571030872059,1106.9959100495907,268.7452251848299,3486.0,223104.00000000006,40.478053416739826,90.07774945948053,167.4749574914369,35655.584000000556
0,157,,426.970728995002,611.6862323324312,503.06260845900397,503.06260845900397,426.970728995002,3494.0,223616.00000000006,118.06395411055999,167.25174419342525,204.0614814480972,41142.70400000009
0,158,,724.7620601447124,589.5354320273327,1929.410245793406,604.9396574780985,589.5354320273327,3503.0,224192.00000000006,34.99087129187752,97.99245562132495,205.78225424960007,34994.736000000106
0,159,,6556.942025781609,6809.37455399544,8200.609954656102,6828.609457443235,6556.942025781609,3534.0,226176.00000000006,36.74941267932181,99.90766442545093,156.4501103368411,36791.93600000021
0,160,,8342.677574546542,8441.386853519361,9690.626939118374,8463.082849630155,8342.677574546542,3553.0,227392.00000000003,35.13753269325913,98.71998559835309,161.90854761657542,33716.04800000021
0,161,,7081.218882376561,7276.9244070514105,8716.904631000943,7297.108368220506,7081.218882376561,3566.0,228224.00000000003,35.081350445367484,95.08530155697053,165.74447310858795,33763.63200000024
0,162,,6980.155831115553,7291.799192898907,7888.506843301002,7331.094366236357,6980.155831115553,3866.0,247424.0000000001,42.21616455831727,109.17157761577468,164.57469302439745,35208.27200000026
0,163,,488.06555241753813,528.3786776999477,341.90057363048254,341.90057363048254,488.06555241753813,3913.0,250432.00000000006,93.41382644272932,205.84688564775036,251.28482431284567,45311.74400000003
0,164,,6864.631359349005,6797.81715007266,7772.293429297861,6821.806437073974,6797.81715007266,4008.0,256512.0000000001,32.16305013489888,150.86752500086945,312.35482994051284,57193.53599999912
0,165,,7082.364390953444,7095.033652149141,8291.673111671116,7117.8974394570105,7082.364390953444,4016.0,257024.0000000001,32.47724496454565,95.88282243486626,150.2012605354778,35330.864000000096
0,166,,7674.100743315648,8145.763786160387,8788.441846263595,8168.232852767687,7674.100743315648,4353.0,278592.00000000006,35.255537739758864,119.58185047205805,274.00918525207413,53668.096000000674
0,167,,347.0792364623776,1921.3578070775839,2513.7605916825123,1921.3578070775839,347.0792364623776,4395.0,281280.00000000006,46.10791340564348,125.25936716835727,236.22876529029455,41626.5920000006
0,168,,5850.733941770159,5771.52877667686,6787.255188100971,5796.204277430661,5771.52877667686,4473.0,286272.00000000006,38.74218291448822,106.10658334989012,182.87285007046913,39756.97600000032
0,169,,5408.955530583626,5462.864919536514,6216.760539246025,5504.16871192283,5408.955530583626,4920.0,314880.00000000006,36.00007403292693,100.52468924187704,174.24454478457315,38511.05600000098
0,170,,1792.6471400642185,2393.8086997077335,3456.9720810395665,2415.539711364545,1792.6471400642185,5223.0,334272.00000000006,43.60612449646602,131.40355811340575,215.99953470285982,49227.072000000306
0,171,,46.30334871080777,962.9703754399088,183.17204819595645,183.17204819595645,46.30334871080777,5423.0,347072.0000000001,82.45605851974716,160.66656959528765,259.6783933581043,51275.12000000063
0,172,,413.55048097102554,1940.1072677283082,2516.45769822062,1940.1072677283082,413.55048097102554,6128.0,392192.00000000006,56.29678019155028,188.43423002778448,409.4786003561522,71575.75999999954
0,173,,250.85455490625463,4384.370186016895,2430.3710688400315,2430.3710688400315,250.85455490625463,6326.0,404864.0000000001,101.06909260978685,247.49322976862555,390.30440819956044,93965.07200000153
0,174,,7180.4511208029,7141.161859181011,8253.839041572064,7164.449925767258,7141.161859181011,6871.0,439744.00000000006,38.24664197963545,123.42631688164003,208.80493838484395,60838.01600000033
0,175,,12.000000104706032,3006.970700880629,2690.932888071984,2690.932888071984,12.000000104706032,7360.0,471040.00000000006,69.38056976461387,164.8630797594883,352.0157392906576,82293.42400000182
0,176,,117.91522069870553,896.3660320659983,3457.1248761494644,896.3660320659983,117.91522069870553,7555.0,483520.00000000006,67.17927077332095,131.6224766871037,268.80434024191624,72759.83999999972
0,177,,8091.749805316795,8598.4838733566,9269.688234780915,8621.09209265327,8091.749805316795,7976.0,510464.0000000002,40.57564805568529,127.85258995423962,268.8389041018493,64624.81600000088
0,178,,384.0625026896305,4465.945949050365,1685.0827933012624,1685.0827933012624,384.0625026896305,9238.0,591232.0000000001,67.99996299378108,181.5367837232502,368.8027664364415,89453.08800000031
0,179,,76.21023456749754,451.078705054897,589.073863466183,451.078705054897,76.21023456749754,9417.0,602688.0000000001,106.07439927524494,198.54522424153316,323.41652720333394,84832.79999999925
0,180,,598.6785254208371,1839.7695384919643,1154.0259947651066,1154.0259947651066,598.6785254208371,9726.0,622464.0000000001,55.84156345301133,212.71123545197202,516.0000000614673,118167.43999999974
0,181,,6689.9169723910745,7056.641607050551,7871.139132475946,7073.939741530921,6689.9169723910745,10026.0,641664.0000000002,35.31151979680195,192.2478826436811,374.2296609103641,124192.19200000046
0,182,,1021.1914514002274,1161.49556106393,492.9259489472315,492.9259489472315,1021.1914514002274,13207.0,845248.0000000002,97.30019545908894,248.30309988602446,411.80610458673226,140165.93599999498
0,183,,183.608278803149,465.5319401081215,102.68398398238787,102.68398398238787,183.608278803149,15148.0,969472.0000000002,72.00014806585386,276.16864006205816,525.1190152689134,160254.30399999634
0,184,,608.2499339754577,785.5189210204117,228.9803546773328,228.9803546773328,608.2499339754577,20465.0,1309760.0000000002,136.00015336123755,330.9316656313938,504.6304534457224,245854.6559999954
0,185,,166.56530021919025,1253.2262871900457,501.9322770749568,501.9322770749568,166.56530021919025,30477.0,1950528.0000000005,113.54227647032111,369.30539151812616,741.457817364669,305117.6160000189
0,186,,744.3117624461593,1497.704943176359,710.5378472260782,710.5378472260782,744.3117624461593,36948.0,2364672.000000001,216.51099910769742,612.3686294604587,1129.6284722145235,463333.3920000389
0,187,,693.2589826647018,962.3139476389042,394.90757330895576,394.90757330895576,693.2589826647018,51354.0,3286656.000000001,158.36798591400498,449.3902805302438,944.9473681956266,596004.7840001401
